account_id,plan,usage_90d,usage_30d,usage_delta_pct,critical_tickets_30d,nps,on_time_payment_ratio,late_payments_6m,arr_usd,churned_60d,expansion_prob_proxy
ACC-0001,pro,1605.15,1614.02,0.0055,0,12.2,0.92,1,41501.75,0,0.5111
ACC-0002,pro,1475.73,1404.32,-0.0484,0,64.5,1.0,2,26791.24,1,0.7211
ACC-0003,enterprise,1089.32,1171.17,0.0751,1,16.1,0.782,0,1587.67,0,0.463
ACC-0004,pro,1472.72,1468.53,-0.0028,2,10.1,0.834,0,22278.81,0,0.4553
ACC-0005,basic,1004.22,683.08,-0.3198,2,74.3,0.922,2,26916.09,0,0.6546
ACC-0006,enterprise,1070.98,773.54,-0.2777,3,75.2,1.0,1,6831.0,0,0.5984
ACC-0007,pro,617.29,621.28,0.0065,3,50.5,0.936,0,18597.93,1,0.6454
ACC-0008,pro,1138.95,1396.73,0.2263,1,21.3,1.0,2,2859.46,1,0.6171
ACC-0009,basic,1021.14,523.72,-0.4871,1,27.8,1.0,2,33109.38,1,0.434
ACC-0010,pro,544.07,585.45,0.0761,0,10.9,0.944,2,26489.33,1,0.5235
ACC-0011,basic,982.08,1239.11,0.2617,1,5.2,0.781,2,1500.0,1,0.5246
ACC-0012,enterprise,972.09,939.37,-0.0337,1,3.7,1.0,0,29271.97,0,0.3753
ACC-0013,pro,1629.15,1826.35,0.121,1,16.5,0.72,2,23152.37,0,0.5291
ACC-0014,enterprise,1312.97,1109.89,-0.1547,2,4.0,1.0,0,31746.21,0,0.3102
ACC-0015,pro,1004.01,977.64,-0.0263,2,-11.9,0.924,1,18127.01,1,0.3354
ACC-0016,basic,1087.08,699.42,-0.3566,1,41.6,0.582,0,11977.81,0,0.5088
ACC-0017,pro,1015.47,491.74,-0.5158,0,42.0,0.859,4,12437.33,0,0.5005
ACC-0018,basic,928.98,1121.66,0.2074,0,86.0,0.978,1,15927.45,0,0.8443
ACC-0019,enterprise,621.15,486.55,-0.2167,2,14.9,0.872,0,24282.38,0,0.3319
ACC-0020,pro,947.13,852.21,-0.1002,0,43.9,0.986,3,26219.38,0,0.6071
ACC-0021,pro,738.87,513.5,-0.305,1,44.4,0.798,3,21139.2,1,0.5202
ACC-0022,basic,562.39,387.94,-0.3102,3,27.4,0.743,1,17650.21,1,0.4018
ACC-0023,enterprise,1178.93,1133.84,-0.0382,1,57.3,0.891,3,18728.95,0,0.5956
ACC-0024,enterprise,1136.94,954.46,-0.1605,2,58.3,0.904,0,61615.87,0,0.5642
ACC-0025,pro,374.65,405.81,0.0832,1,44.8,0.858,0,12439.12,0,0.6794
ACC-0026,basic,957.06,1052.34,0.0996,0,27.3,1.0,3,15630.42,1,0.5978
ACC-0027,pro,1348.5,1443.68,0.0706,0,24.3,0.798,1,73407.81,1,0.5875
ACC-0028,basic,1370.73,1442.68,0.0525,2,-6.0,0.938,1,30315.2,0,0.3842
ACC-0029,basic,1359.04,1830.78,0.3471,0,10.8,0.908,1,3300.29,0,0.6285
ACC-0030,pro,1013.62,775.55,-0.2349,0,16.3,0.713,1,36640.31,0,0.427
ACC-0031,pro,704.23,695.72,-0.0121,1,1.3,0.742,0,10349.42,0,0.423
ACC-0032,enterprise,620.71,775.38,0.2492,1,48.2,0.901,0,37635.92,0,0.6802
ACC-0033,basic,1120.61,1432.36,0.2782,1,70.9,1.0,3,20835.57,0,0.8082
ACC-0034,basic,1132.75,778.44,-0.3128,2,7.8,0.97,1,17403.06,1,0.3446
ACC-0035,pro,1450.57,1350.89,-0.0687,0,43.5,0.693,1,48137.47,0,0.6178
ACC-0036,basic,1384.99,1798.81,0.2988,3,4.0,0.527,3,32496.02,1,0.4598
ACC-0037,basic,953.72,1060.32,0.1118,0,25.9,0.988,1,38594.84,0,0.6149
ACC-0038,pro,564.53,588.78,0.043,2,14.3,0.888,0,30523.8,0,0.5001
ACC-0039,basic,888.31,845.77,-0.0479,3,53.1,1.0,2,17333.33,1,0.6092
ACC-0040,pro,1076.03,985.17,-0.0844,0,14.6,0.794,0,33170.32,0,0.4884
ACC-0041,pro,929.27,988.19,0.0634,3,65.3,0.942,4,42138.23,0,0.6909
ACC-0042,enterprise,797.74,753.44,-0.0555,1,27.6,1.0,4,26021.07,0,0.4377
ACC-0043,pro,1088.51,1078.31,-0.0094,0,15.5,0.846,2,51024.64,1,0.5042
ACC-0044,basic,823.61,837.86,0.0173,0,-2.6,0.849,0,36757.31,0,0.4376
ACC-0045,enterprise,780.18,663.79,-0.1492,0,42.6,0.903,2,27179.74,0,0.5117
ACC-0046,enterprise,1109.01,1238.84,0.1171,1,61.9,0.965,2,27772.3,0,0.6825
ACC-0047,basic,859.3,1410.23,0.6411,0,43.2,0.898,1,26058.56,0,0.8246
ACC-0048,basic,1085.44,661.1,-0.3909,1,100.0,1.0,2,5231.42,1,0.7739
ACC-0049,pro,1095.62,1173.72,0.0713,0,77.9,0.845,3,22648.92,0,0.7878
ACC-0050,basic,601.2,500.65,-0.1672,1,25.8,0.741,2,27317.8,0,0.4485
ACC-0051,basic,831.57,937.2,0.127,2,25.5,1.0,2,17758.72,1,0.5661
ACC-0052,basic,1503.22,1518.62,0.0102,4,49.1,0.827,1,29065.16,1,0.5882
ACC-0053,pro,593.27,692.71,0.1676,2,9.9,0.832,0,24319.61,0,0.5246
ACC-0054,pro,259.17,326.2,0.2586,3,70.0,0.892,0,35605.38,0,0.7969
ACC-0055,pro,348.35,363.1,0.0423,0,45.8,0.908,1,33946.69,0,0.6798
ACC-0056,pro,1010.19,1261.78,0.2491,1,42.7,0.854,2,26507.3,0,0.7092
ACC-0057,pro,1010.82,489.49,-0.5157,1,55.6,0.898,0,3491.81,0,0.597
ACC-0058,pro,958.84,1294.33,0.3499,0,86.7,0.895,0,50860.84,0,0.8707
ACC-0059,basic,1424.97,1542.55,0.0825,1,40.1,0.921,1,21871.64,0,0.6462
ACC-0060,basic,80.0,98.97,0.2371,1,31.6,0.617,2,22786.7,1,0.6329
ACC-0061,pro,1138.58,833.01,-0.2684,0,80.3,1.0,0,18862.19,0,0.741
ACC-0062,pro,1546.5,1263.85,-0.1828,0,64.0,0.882,0,16673.83,1,0.6853
ACC-0063,pro,605.28,624.71,0.0321,1,25.4,0.97,1,47160.87,0,0.5691
ACC-0064,pro,867.07,863.82,-0.0037,2,35.2,0.735,0,44790.66,0,0.5742
ACC-0065,pro,736.49,782.35,0.0623,1,40.9,0.843,2,30665.9,1,0.6351
ACC-0066,pro,686.98,850.89,0.2386,0,45.9,0.819,0,22387.5,0,0.7417
ACC-0067,pro,885.81,541.81,-0.3883,1,-5.7,1.0,1,33286.77,1,0.3076
ACC-0068,basic,1499.62,1820.9,0.2142,2,-11.3,0.83,0,25106.95,1,0.426
ACC-0069,basic,1643.09,1646.08,0.0018,1,8.4,0.991,1,21146.66,0,0.4625
ACC-0070,pro,882.42,842.86,-0.0448,1,6.1,0.822,2,29071.59,0,0.416
ACC-0071,basic,1666.77,1127.33,-0.3236,0,15.7,0.846,0,17382.63,1,0.4263
ACC-0072,pro,1012.45,1124.5,0.1107,2,54.0,0.871,3,27783.96,0,0.6838
ACC-0073,enterprise,1613.79,756.7,-0.5311,3,29.9,1.0,0,27063.31,1,0.3567
ACC-0074,basic,967.35,1105.33,0.1426,3,40.9,0.673,0,33044.04,0,0.6232
ACC-0075,basic,1045.87,702.55,-0.3283,1,-1.7,0.742,2,14712.95,1,0.2986
ACC-0076,basic,1127.92,1141.18,0.0118,1,21.2,0.666,1,34652.05,0,0.5053
ACC-0077,basic,2112.6,2057.21,-0.0262,0,52.6,0.769,1,10405.33,0,0.6709
ACC-0078,pro,1297.95,1631.91,0.2573,0,52.8,0.803,2,15411.5,0,0.7596
ACC-0079,pro,752.46,722.88,-0.0393,1,13.3,0.706,0,16066.12,0,0.4696
ACC-0080,pro,1339.15,1134.65,-0.1527,0,39.8,0.812,2,7919.22,1,0.5652
ACC-0081,pro,873.36,776.02,-0.1115,1,100.0,0.658,0,39234.93,0,0.8083
ACC-0082,pro,828.59,1060.62,0.28,3,34.5,0.778,1,9464.21,0,0.6517
ACC-0083,enterprise,1318.01,1473.52,0.118,0,14.2,1.0,0,13516.25,0,0.5041
ACC-0084,basic,1010.88,925.12,-0.0848,1,29.8,0.948,0,42831.12,1,0.5441
ACC-0085,basic,1097.5,1040.41,-0.052,3,37.8,0.922,0,15441.26,0,0.5491
ACC-0086,basic,1004.89,658.43,-0.3448,1,30.5,0.78,1,21177.86,0,0.4575
ACC-0087,pro,1117.8,1213.34,0.0855,1,34.1,0.716,0,8819.56,0,0.6241
ACC-0088,pro,1148.74,703.99,-0.3872,0,-8.3,0.763,1,36494.27,0,0.3001
ACC-0089,basic,322.06,375.33,0.1654,1,6.1,0.895,0,36701.04,1,0.5232
ACC-0090,pro,1233.3,1268.2,0.0283,1,30.5,1.0,0,35084.19,0,0.6049
ACC-0091,basic,656.29,1000.93,0.5251,3,30.0,1.0,3,32062.95,1,0.7062
ACC-0092,pro,495.2,375.34,-0.242,0,18.0,0.976,0,25103.84,0,0.4675
ACC-0093,pro,979.56,957.43,-0.0226,1,29.7,0.811,0,16134.35,0,0.5679
ACC-0094,basic,1029.39,1436.65,0.3956,5,36.8,0.903,1,11775.46,1,0.6628
ACC-0095,basic,757.27,955.76,0.2621,2,61.7,0.861,2,43348.58,0,0.7636
ACC-0096,pro,1290.86,1093.14,-0.1532,1,32.0,0.876,1,35472.06,1,0.5197
ACC-0097,basic,530.24,556.37,0.0493,0,47.0,1.0,1,13600.44,0,0.685
ACC-0098,basic,857.57,857.95,0.0004,0,18.8,0.689,2,24597.48,1,0.5018
ACC-0099,basic,795.29,844.63,0.062,0,52.2,0.872,1,19498.27,0,0.7036
ACC-0100,enterprise,983.69,832.49,-0.1537,2,46.3,1.0,0,7076.84,0,0.515
ACC-0101,enterprise,1097.6,1076.03,-0.0197,1,61.0,0.724,2,26664.77,0,0.6185
ACC-0102,pro,647.24,419.69,-0.3516,1,56.4,0.823,2,17767.61,0,0.5898
ACC-0103,basic,1253.5,1290.76,0.0297,1,52.7,0.837,0,9711.95,0,0.686
ACC-0104,enterprise,1022.05,1123.24,0.099,2,32.0,0.873,1,1813.01,1,0.526
ACC-0105,pro,337.82,320.92,-0.05,1,42.3,0.708,1,1500.0,0,0.5999
ACC-0106,pro,314.49,202.75,-0.3553,4,66.9,0.971,0,18428.61,0,0.6073
ACC-0107,pro,995.69,1212.23,0.2175,3,15.4,0.98,3,22723.58,0,0.5253
ACC-0108,basic,922.66,996.65,0.0802,2,16.1,0.961,0,10870.49,1,0.5207
ACC-0109,basic,963.8,809.86,-0.1597,1,40.4,0.796,1,33761.09,0,0.5432
ACC-0110,enterprise,990.21,929.08,-0.0617,0,47.5,0.91,1,23016.8,0,0.5775
ACC-0111,pro,1078.95,722.73,-0.3301,2,10.3,0.792,1,32653.28,0,0.351
ACC-0112,basic,1331.68,1031.26,-0.2256,0,32.8,0.86,3,21256.34,1,0.4888
ACC-0113,basic,611.11,538.81,-0.1183,3,32.2,1.0,1,12193.24,1,0.4872
ACC-0114,pro,589.81,749.21,0.2703,1,-31.5,0.911,0,25711.76,0,0.3882
ACC-0115,basic,617.34,530.48,-0.1407,1,28.4,0.757,0,5059.88,0,0.4988
ACC-0116,enterprise,1101.12,1256.21,0.1408,1,30.3,0.922,0,32091.58,1,0.5668
ACC-0117,pro,1435.73,1265.7,-0.1184,1,30.2,0.738,1,9942.76,0,0.5135
ACC-0118,pro,849.03,895.34,0.0545,2,77.5,0.756,1,37773.49,1,0.7679
ACC-0119,pro,124.41,120.54,-0.0311,1,-1.5,0.775,2,18923.16,1,0.3812
ACC-0120,pro,403.6,481.12,0.1921,1,10.3,0.847,0,39938.0,0,0.5607
ACC-0121,pro,708.44,625.08,-0.1177,1,-43.4,1.0,1,7160.65,1,0.2066
ACC-0122,pro,804.79,526.37,-0.346,1,20.6,0.969,0,13833.45,0,0.4449
ACC-0123,basic,857.06,596.49,-0.304,1,23.1,0.963,0,29714.02,1,0.452
ACC-0124,pro,1013.5,894.91,-0.117,2,19.7,0.768,1,41557.46,0,0.4394
ACC-0125,basic,890.89,646.08,-0.2748,3,68.2,0.835,1,48999.13,1,0.6133
ACC-0126,pro,1367.27,1490.66,0.0902,1,60.8,0.933,1,24620.49,0,0.74
ACC-0127,basic,763.39,685.17,-0.1025,2,37.3,0.825,0,51566.18,1,0.5419
ACC-0128,basic,698.19,1062.93,0.5224,1,23.9,0.867,1,19655.03,0,0.7243
ACC-0129,basic,1167.61,721.23,-0.3823,2,65.8,0.953,1,40481.51,1,0.6215
ACC-0130,pro,462.53,483.25,0.0448,1,34.4,0.858,1,9867.29,0,0.6097
ACC-0131,basic,1136.39,854.4,-0.2481,0,10.5,0.927,0,30303.01,1,0.4153
ACC-0132,enterprise,1035.89,923.45,-0.1085,2,-16.5,1.0,0,1500.0,1,0.2423
ACC-0133,pro,948.4,977.9,0.0311,0,21.8,0.879,1,7176.13,0,0.5656
ACC-0134,basic,1555.9,759.93,-0.5116,0,57.6,1.0,1,31000.15,0,0.6161
ACC-0135,pro,782.23,822.98,0.0521,1,100.0,0.967,1,4313.42,0,0.8448
ACC-0136,basic,1721.1,2441.63,0.4186,2,36.8,0.724,2,30404.24,1,0.7092
ACC-0137,enterprise,921.1,829.21,-0.0998,1,12.0,0.768,0,37596.87,1,0.3722
ACC-0138,pro,553.04,584.65,0.0572,1,-0.5,0.8,3,16480.2,1,0.411
ACC-0139,pro,1024.47,1255.47,0.2255,1,51.6,0.797,1,9465.71,1,0.7403
ACC-0140,basic,623.31,600.83,-0.0361,2,-17.9,0.889,0,16887.2,1,0.3053
ACC-0141,pro,736.89,642.7,-0.1278,2,51.5,0.974,1,9512.82,0,0.6117
ACC-0142,pro,1138.96,568.73,-0.5007,0,59.5,1.0,2,22481.8,0,0.6243
ACC-0143,enterprise,1194.45,1362.89,0.141,1,48.1,0.937,1,25531.36,0,0.6393
ACC-0144,pro,782.24,762.77,-0.0249,0,28.4,0.847,0,19409.85,0,0.5836
ACC-0145,pro,1345.59,1045.81,-0.2228,1,51.9,0.65,1,49115.39,0,0.5803
ACC-0146,basic,1405.13,1444.26,0.0279,2,40.1,0.908,1,13208.94,0,0.6035
ACC-0147,basic,1502.71,1309.74,-0.1284,0,11.7,0.903,3,44871.5,0,0.4178
ACC-0148,pro,1185.29,1047.5,-0.1163,1,90.5,0.922,1,8381.41,1,0.7827
ACC-0149,pro,1477.2,1674.23,0.1334,1,24.4,1.0,3,25091.66,1,0.5847
ACC-0150,basic,341.72,241.1,-0.2944,1,58.3,1.0,0,41746.58,0,0.6306
ACC-0151,enterprise,888.73,1093.51,0.2304,0,-37.6,0.994,1,40970.36,1,0.2958
ACC-0152,enterprise,696.55,482.37,-0.3075,1,73.3,0.785,0,17696.13,0,0.6205
ACC-0153,basic,1041.73,889.85,-0.1458,0,79.1,0.838,1,32326.05,0,0.7398
ACC-0154,pro,799.99,1138.43,0.423,2,35.9,0.889,4,30317.69,0,0.7061
ACC-0155,basic,941.84,1175.44,0.248,4,51.8,0.807,0,15900.91,0,0.7004
ACC-0156,pro,1658.76,1694.38,0.0215,2,51.8,0.96,1,33239.25,0,0.6677
ACC-0157,basic,940.6,745.97,-0.2069,0,15.7,0.943,0,51937.38,1,0.4475
ACC-0158,pro,1144.83,1011.52,-0.1164,0,51.4,0.769,0,31075.51,1,0.6497
ACC-0159,pro,918.71,933.52,0.0161,0,10.7,1.0,5,32495.35,0,0.4662
ACC-0160,pro,1026.5,1034.97,0.0083,2,16.7,0.912,3,34082.32,0,0.4634
ACC-0161,basic,1002.11,982.07,-0.02,2,68.8,0.693,0,2085.35,1,0.7107
ACC-0162,enterprise,1156.91,1149.07,-0.0068,2,64.2,0.894,1,30903.37,0,0.6396
ACC-0163,basic,1407.86,1341.46,-0.0472,1,13.8,0.934,1,8748.61,1,0.4652
ACC-0164,basic,1576.59,1076.44,-0.3172,2,13.0,1.0,0,15151.7,1,0.3805
ACC-0165,pro,1108.37,982.42,-0.1136,0,15.6,0.86,0,56429.13,0,0.4865
ACC-0166,basic,1206.34,1449.08,0.2012,0,57.0,0.999,3,20201.08,0,0.7553
ACC-0167,enterprise,597.2,417.42,-0.301,0,5.0,0.922,0,12897.39,1,0.3242
ACC-0168,enterprise,969.24,928.82,-0.0417,1,45.7,0.742,1,41288.74,1,0.5487
ACC-0169,basic,1329.1,1089.4,-0.1803,0,57.4,0.73,0,9784.84,0,0.6438
ACC-0170,enterprise,1303.09,1335.01,0.0245,2,32.4,1.0,3,17288.71,0,0.4832
ACC-0171,basic,1074.06,982.23,-0.0855,2,65.3,1.0,1,42735.78,0,0.6834
ACC-0172,pro,1310.24,1736.1,0.325,0,25.9,0.939,0,24641.51,0,0.699
ACC-0173,basic,1171.77,1302.36,0.1114,4,28.6,1.0,1,1500.0,0,0.5405
ACC-0174,enterprise,1420.11,1010.27,-0.2886,1,5.7,1.0,2,32159.84,1,0.2925
ACC-0175,basic,1101.28,1263.9,0.1477,3,65.5,0.982,0,18053.01,0,0.7504
ACC-0176,basic,875.51,726.3,-0.1704,1,12.0,0.791,0,47097.77,0,0.4062
ACC-0177,pro,1117.54,975.68,-0.1269,0,45.5,1.0,0,14907.2,0,0.6326
ACC-0178,enterprise,80.0,85.52,0.069,0,32.9,0.964,3,39768.39,0,0.5444
ACC-0179,enterprise,1134.01,1011.33,-0.1082,1,3.4,0.854,1,50635.47,1,0.3242
ACC-0180,pro,80.0,95.71,0.1964,0,16.7,0.82,1,11235.85,0,0.6017
ACC-0181,enterprise,396.79,329.18,-0.1704,0,76.5,0.931,2,21101.8,0,0.6587
ACC-0182,enterprise,1158.12,1000.42,-0.1362,2,41.0,0.699,0,29829.38,1,0.473
ACC-0183,pro,1167.14,998.6,-0.1444,0,4.7,0.984,0,11139.81,0,0.429
ACC-0184,basic,593.15,519.34,-0.1244,1,44.2,0.786,1,28054.42,0,0.5755
ACC-0185,pro,750.76,932.32,0.2418,1,30.6,0.944,0,20626.2,0,0.6783
ACC-0186,pro,1479.69,1684.38,0.1383,1,100.0,0.837,0,20323.99,1,0.8599
ACC-0187,basic,830.59,1143.05,0.3762,1,43.6,0.868,2,24734.08,0,0.7462
ACC-0188,basic,1785.02,2675.54,0.4989,3,23.6,0.809,0,25068.97,0,0.6867
ACC-0189,pro,999.33,772.72,-0.2268,0,77.6,0.881,0,26458.21,0,0.7296
ACC-0190,basic,1142.81,1160.52,0.0155,2,-20.2,1.0,1,15017.6,1,0.3109
ACC-0191,enterprise,1565.91,1160.71,-0.2588,1,37.8,1.0,0,15672.42,0,0.4697
ACC-0192,basic,1045.86,866.94,-0.1711,3,94.8,0.943,1,22221.19,0,0.7532
ACC-0193,basic,649.18,559.19,-0.1386,0,31.5,0.897,0,23328.64,0,0.549
ACC-0194,enterprise,961.6,737.95,-0.2326,1,-17.0,1.0,2,17417.26,1,0.2114
ACC-0195,basic,987.54,759.01,-0.2314,2,23.1,1.0,0,28859.09,0,0.4396
ACC-0196,basic,522.34,505.76,-0.0317,0,78.6,0.8,1,1500.0,0,0.7683
ACC-0197,pro,910.46,666.75,-0.2677,0,46.3,0.891,0,13043.01,0,0.5975
ACC-0198,enterprise,740.23,877.37,0.1853,1,9.8,0.681,2,19801.08,0,0.4452
ACC-0199,basic,1323.53,1056.3,-0.2019,0,14.4,1.0,1,11158.27,1,0.4343
ACC-0200,basic,1012.11,1637.71,0.6181,1,18.2,1.0,1,48437.97,0,0.738
ACC-0201,pro,901.02,811.55,-0.0993,1,45.8,0.91,0,24282.93,0,0.622
ACC-0202,enterprise,962.84,978.09,0.0158,1,75.1,0.645,1,26651.55,0,0.6951
ACC-0203,pro,1078.09,770.86,-0.285,3,66.6,0.973,2,16751.54,0,0.613
ACC-0204,basic,1215.88,1672.26,0.3753,2,48.7,0.792,2,23763.32,1,0.7461
ACC-0205,basic,650.1,810.21,0.2463,1,-4.9,0.82,0,5771.2,1,0.4943
ACC-0206,basic,635.44,676.95,0.0653,0,-4.8,0.975,1,21452.74,0,0.4441
ACC-0207,basic,1386.64,975.78,-0.2963,1,51.0,0.931,1,9944.87,0,0.5796
ACC-0208,pro,855.68,895.34,0.0463,1,-5.4,0.841,2,19838.95,1,0.3978
ACC-0209,basic,504.11,379.74,-0.2467,1,28.2,0.822,1,1500.0,1,0.4608
ACC-0210,pro,1155.33,1527.03,0.3217,1,44.1,0.915,1,7079.95,0,0.7465
ACC-0211,pro,1162.18,1369.07,0.178,0,0.9,0.851,0,45958.9,1,0.5304
ACC-0212,pro,464.25,474.0,0.021,0,4.3,0.767,0,36455.97,1,0.4772
ACC-0213,basic,1080.32,501.26,-0.536,0,32.2,0.86,1,43785.59,1,0.4743
ACC-0214,enterprise,1257.45,985.4,-0.2164,0,50.1,0.941,0,44815.82,0,0.5468
ACC-0215,pro,1131.04,1302.17,0.1513,0,66.8,0.879,0,34094.81,0,0.7873
ACC-0216,pro,1221.19,1547.05,0.2668,1,53.2,0.73,0,17206.97,0,0.761
ACC-0217,basic,508.51,632.59,0.244,0,37.2,1.0,0,8441.24,0,0.7145
ACC-0218,basic,1115.86,725.04,-0.3502,0,12.6,0.571,1,41201.17,0,0.3757
ACC-0219,enterprise,894.08,953.4,0.0663,0,2.9,0.846,0,24968.52,1,0.4203
ACC-0220,basic,831.02,1016.69,0.2234,1,19.7,0.826,2,61410.34,0,0.5857
ACC-0221,basic,1304.69,828.7,-0.3648,1,47.3,0.918,0,18523.53,1,0.5643
ACC-0222,pro,1517.75,1515.11,-0.0017,0,45.1,0.967,0,53593.44,0,0.672
ACC-0223,pro,1628.03,1726.11,0.0602,1,-28.0,1.0,1,21648.12,0,0.3202
ACC-0224,enterprise,1460.18,1363.57,-0.0662,0,11.4,0.815,0,44040.73,0,0.4074
ACC-0225,basic,961.59,569.77,-0.4075,0,71.1,0.97,1,49450.38,0,0.6843
ACC-0226,enterprise,1123.45,1042.95,-0.0717,4,37.4,0.923,0,8655.75,0,0.4518
ACC-0227,basic,1268.39,1177.05,-0.072,1,-7.5,0.695,0,16725.03,1,0.3444
ACC-0228,pro,1042.41,1008.45,-0.0326,1,100.0,1.0,2,8505.31,0,0.8263
ACC-0229,pro,1045.77,916.13,-0.124,2,34.1,0.727,1,5550.83,1,0.5065
ACC-0230,basic,1288.31,1162.75,-0.0975,2,46.5,0.95,4,34006.0,0,0.552
ACC-0231,basic,979.25,970.7,-0.0087,1,47.0,0.947,0,21050.57,1,0.6547
ACC-0232,pro,744.75,817.24,0.0973,3,24.0,0.933,1,24785.49,1,0.5395
ACC-0233,enterprise,854.93,797.68,-0.067,2,13.2,0.841,1,32343.59,1,0.3621
ACC-0234,pro,1221.87,1111.75,-0.0901,0,98.7,0.999,0,1500.0,0,0.8223
ACC-0235,enterprise,1001.05,1021.39,0.0203,0,65.1,0.713,2,43301.49,0,0.6657
ACC-0236,enterprise,1119.07,646.15,-0.4226,1,59.7,0.892,0,18763.59,0,0.553
ACC-0237,pro,1234.53,1364.09,0.1049,2,52.3,0.832,2,31986.02,1,0.6816
ACC-0238,pro,868.81,868.7,-0.0001,0,4.9,0.819,1,33310.69,0,0.4639
ACC-0239,basic,1264.69,1275.73,0.0087,1,73.3,0.951,0,44561.95,1,0.762
ACC-0240,basic,1132.59,1371.98,0.2114,2,9.7,1.0,2,22427.14,1,0.5209
ACC-0241,enterprise,567.82,323.87,-0.4296,1,43.5,0.859,1,1500.0,1,0.4572
ACC-0242,pro,1504.81,851.35,-0.4342,1,-14.2,0.994,2,24856.91,1,0.2619
ACC-0243,basic,824.74,874.42,0.0602,2,-26.2,0.906,0,27010.6,1,0.3044
ACC-0244,pro,420.72,420.06,-0.0016,1,44.5,0.793,1,8486.09,0,0.635
ACC-0245,pro,634.23,657.98,0.0374,0,10.7,0.869,0,26212.36,1,0.524
ACC-0246,enterprise,642.63,577.3,-0.1017,0,-24.7,0.864,2,18584.72,0,0.2231
ACC-0247,pro,1018.26,1167.09,0.1462,0,51.2,0.816,0,3858.69,0,0.7344
ACC-0248,pro,904.15,1089.67,0.2052,1,98.6,0.951,2,34072.27,0,0.8654
ACC-0249,basic,882.11,976.03,0.1065,1,76.7,0.928,2,15544.12,0,0.7867
ACC-0250,pro,1216.9,1147.07,-0.0574,0,27.3,0.709,0,17904.31,1,0.556
ACC-0251,pro,1118.96,600.11,-0.4637,1,35.3,0.702,0,17061.32,0,0.4842
ACC-0252,enterprise,1110.62,1298.57,0.1692,3,61.6,0.951,1,42532.18,0,0.6767
ACC-0253,pro,1143.44,1450.77,0.2688,1,68.7,0.802,1,23386.26,1,0.8065
ACC-0254,basic,1215.65,1388.03,0.1418,2,24.7,0.936,0,25186.5,0,0.5869
ACC-0255,basic,262.22,211.47,-0.1935,0,36.0,0.994,2,17390.46,0,0.534
ACC-0256,pro,872.45,1001.77,0.1482,0,44.0,0.747,1,30943.0,1,0.6991
ACC-0257,enterprise,236.93,281.78,0.1893,0,51.6,0.731,0,44239.77,0,0.6791
ACC-0258,basic,1012.62,1359.89,0.3429,3,31.0,1.0,0,33717.91,0,0.6765
ACC-0259,basic,998.38,805.95,-0.1927,1,31.4,0.942,1,34303.0,1,0.4953
ACC-0260,pro,1365.94,1297.89,-0.0498,1,76.4,0.85,0,33093.45,1,0.7572
ACC-0261,basic,1415.67,1648.41,0.1644,0,71.3,0.788,0,3296.36,0,0.798
ACC-0262,enterprise,1070.97,1084.5,0.0126,1,49.3,0.839,1,10858.22,1,0.5932
ACC-0263,basic,824.87,622.11,-0.2458,1,86.6,0.757,1,20925.19,0,0.7311
ACC-0264,basic,1169.81,1276.51,0.0912,0,23.4,1.0,1,13112.04,0,0.5965
ACC-0265,enterprise,815.23,919.01,0.1273,3,83.7,0.807,0,8031.94,0,0.7488
ACC-0266,basic,999.51,1018.85,0.0194,3,51.3,1.0,2,1500.0,1,0.627
ACC-0267,basic,1345.15,1410.13,0.0483,0,100.0,0.852,1,3802.06,0,0.845
ACC-0268,basic,804.78,758.98,-0.0569,0,-0.8,0.775,0,20152.12,0,0.4106
ACC-0269,basic,1281.99,1698.92,0.3252,1,14.3,0.849,1,22958.6,0,0.6129
ACC-0270,basic,1237.09,991.96,-0.1982,0,47.6,0.585,1,12104.19,0,0.5697
ACC-0271,basic,665.82,579.79,-0.1292,0,46.9,0.886,1,25183.88,1,0.6153
ACC-0272,basic,1340.86,1344.1,0.0024,1,93.5,0.88,1,17492.5,0,0.8143
ACC-0273,basic,1244.5,1485.15,0.1934,3,14.9,0.999,2,40358.6,1,0.5163
ACC-0274,pro,1035.67,694.5,-0.3294,1,62.1,0.674,0,21575.61,0,0.6312
ACC-0275,pro,733.19,521.83,-0.2883,1,69.9,1.0,0,34444.96,0,0.6889
ACC-0276,basic,699.28,385.79,-0.4483,0,56.1,0.998,0,27048.21,0,0.6255
ACC-0277,basic,811.82,817.66,0.0072,1,6.2,1.0,1,2968.93,0,0.4542
ACC-0278,pro,1189.91,897.16,-0.246,2,77.2,0.894,2,22640.13,0,0.682
ACC-0279,enterprise,665.53,609.23,-0.0846,1,71.9,1.0,0,5465.64,0,0.6711
ACC-0280,enterprise,1153.13,1320.91,0.1455,2,53.0,0.723,0,22378.19,0,0.6433
ACC-0281,basic,565.39,485.59,-0.1411,0,41.1,0.986,1,12823.04,1,0.5902
ACC-0282,basic,928.58,975.82,0.0509,1,41.8,0.807,0,29729.45,0,0.6444
ACC-0283,basic,1038.38,970.0,-0.0659,3,32.6,0.702,3,3864.68,1,0.4665
ACC-0284,basic,1855.8,2130.2,0.1479,2,54.2,0.765,1,24220.53,0,0.702
ACC-0285,pro,517.94,572.08,0.1045,0,35.9,0.901,1,32586.23,0,0.6591
ACC-0286,pro,1515.21,1284.55,-0.1522,0,9.5,0.801,3,37613.93,1,0.3996
ACC-0287,basic,1052.44,1013.4,-0.0371,1,3.5,0.945,1,12537.48,1,0.4184
ACC-0288,basic,1143.91,1406.58,0.2296,1,12.4,0.683,1,24266.26,1,0.5526
ACC-0289,pro,1041.42,1131.55,0.0865,0,41.7,0.645,0,26762.2,0,0.6715
ACC-0290,basic,1155.65,800.49,-0.3073,0,34.2,1.0,1,47206.89,0,0.5224
ACC-0291,enterprise,946.21,1082.69,0.1442,0,41.5,1.0,1,1780.05,0,0.6281
ACC-0292,basic,1508.92,1148.87,-0.2386,2,50.0,0.774,1,10333.46,0,0.5452
ACC-0293,enterprise,840.24,1101.34,0.3108,1,16.2,0.9,0,66066.94,1,0.564
ACC-0294,basic,1396.28,1710.87,0.2253,0,79.0,1.0,1,19903.54,0,0.8318
ACC-0295,enterprise,774.47,823.86,0.0638,0,27.0,0.95,1,1500.0,0,0.532
ACC-0296,enterprise,978.91,1012.77,0.0346,3,22.0,0.918,0,15261.75,0,0.4409
ACC-0297,enterprise,624.81,596.08,-0.046,0,49.5,1.0,1,1500.0,0,0.5966
ACC-0298,enterprise,1159.26,1332.31,0.1493,1,-20.1,0.812,2,27613.81,0,0.2995
ACC-0299,pro,1505.79,1382.96,-0.0816,2,11.3,0.904,1,36146.77,0,0.4224
ACC-0300,pro,972.93,1023.35,0.0518,3,64.4,0.898,1,10325.06,1,0.7099
ACC-0301,pro,931.09,1109.7,0.1918,1,-17.1,0.867,2,16939.14,1,0.4002
ACC-0302,basic,609.88,534.5,-0.1236,1,68.5,0.853,1,37854.81,1,0.6927
ACC-0303,pro,919.75,795.06,-0.1356,2,80.3,0.909,5,1500.0,1,0.6932
ACC-0304,pro,442.52,326.24,-0.2628,1,23.9,0.904,3,4176.43,0,0.4298
ACC-0305,enterprise,680.49,521.13,-0.2342,0,43.8,0.774,1,20578.27,0,0.4953
ACC-0306,pro,1079.38,645.2,-0.4022,0,68.6,0.996,1,12714.98,0,0.6823
ACC-0307,basic,1461.65,1696.34,0.1606,0,21.0,0.783,0,19592.0,0,0.6072
ACC-0308,pro,1983.22,2772.47,0.398,1,61.0,0.874,1,5043.75,0,0.8159
ACC-0309,basic,794.7,1043.89,0.3136,0,14.9,0.865,2,27214.7,0,0.622
ACC-0310,basic,1502.36,964.9,-0.3577,1,20.7,0.943,1,21761.5,0,0.4199
ACC-0311,pro,1085.31,1258.39,0.1595,1,11.0,0.646,2,32237.86,0,0.5112
ACC-0312,pro,947.06,1243.36,0.3129,0,45.3,1.0,1,27005.99,0,0.7606
ACC-0313,basic,1151.41,1035.69,-0.1005,1,69.7,0.819,2,27100.35,0,0.6946
ACC-0314,basic,1021.67,1044.47,0.0223,0,29.5,1.0,1,2305.39,0,0.5988
ACC-0315,basic,1038.64,579.83,-0.4417,5,-3.1,0.843,1,31388.87,1,0.2588
ACC-0316,basic,857.08,907.38,0.0587,2,2.5,0.894,0,19037.0,0,0.4369
ACC-0317,basic,510.66,391.18,-0.234,0,46.8,1.0,1,21501.03,0,0.5923
ACC-0318,pro,459.73,479.92,0.0439,0,90.3,0.867,2,39723.97,1,0.8208
ACC-0319,basic,1228.64,806.64,-0.3435,3,46.8,1.0,0,13208.47,1,0.5236
ACC-0320,enterprise,903.15,1011.02,0.1194,0,23.4,0.905,2,44267.76,0,0.5244
ACC-0321,enterprise,791.37,969.74,0.2254,1,58.0,0.95,1,45667.13,0,0.7064
ACC-0322,pro,1002.98,830.16,-0.1723,5,27.8,0.908,1,35291.77,1,0.4061
ACC-0323,basic,1278.23,958.51,-0.2501,0,23.7,1.0,0,9290.69,1,0.4872
ACC-0324,pro,1063.13,558.86,-0.4743,0,6.2,0.818,0,1500.0,0,0.3709
ACC-0325,enterprise,770.38,725.23,-0.0586,1,77.3,0.782,4,40182.52,0,0.6623
ACC-0326,pro,1429.2,1246.34,-0.128,0,-41.2,0.823,0,25670.78,1,0.2236
ACC-0327,enterprise,1552.71,1022.89,-0.3412,1,58.9,0.912,3,12822.04,1,0.5258
ACC-0328,pro,1173.09,1290.01,0.0997,3,21.1,0.874,4,41603.44,1,0.4859
ACC-0329,pro,1340.78,1208.05,-0.099,0,22.7,0.985,0,11076.62,1,0.5365
ACC-0330,basic,1434.69,1095.15,-0.2367,1,85.8,1.0,1,17637.67,1,0.7405
ACC-0331,pro,1395.53,1225.27,-0.122,1,13.6,0.783,2,31873.36,1,0.4191
ACC-0332,basic,1214.93,1501.28,0.2357,0,14.6,0.812,0,7295.96,1,0.6077
ACC-0333,pro,1209.42,1369.85,0.1326,2,31.1,0.728,1,22357.79,1,0.5966
ACC-0334,enterprise,1181.88,1148.07,-0.0286,1,47.4,1.0,0,40337.06,0,0.5867
ACC-0335,basic,615.93,699.82,0.1362,1,21.7,0.937,1,27166.66,1,0.581
ACC-0336,pro,1245.25,927.21,-0.2554,0,-12.2,0.958,1,42711.4,1,0.3084
ACC-0337,basic,525.47,529.21,0.0071,0,9.0,0.739,2,41004.04,1,0.459
ACC-0338,pro,721.89,745.29,0.0324,0,73.4,0.9,0,24116.08,0,0.779
ACC-0339,basic,1456.25,1305.72,-0.1034,0,37.2,0.961,2,1500.0,1,0.5739
ACC-0340,enterprise,1294.08,1418.05,0.0958,1,48.5,0.87,0,7413.42,0,0.6295
ACC-0341,basic,1520.59,1259.51,-0.1717,0,27.2,1.0,0,35450.01,0,0.5216
ACC-0342,enterprise,904.91,1006.41,0.1122,1,15.2,1.0,1,1500.0,0,0.4784
ACC-0343,enterprise,596.71,669.16,0.1214,2,85.3,0.786,1,19099.61,0,0.7572
ACC-0344,pro,915.85,328.08,-0.6418,1,29.4,0.777,3,29077.21,0,0.4093
ACC-0345,pro,1035.71,1306.93,0.2619,0,21.7,0.795,1,46043.56,1,0.6468
ACC-0346,pro,1027.65,338.63,-0.6705,3,67.9,1.0,0,15374.7,1,0.6022
ACC-0347,enterprise,1396.79,1207.48,-0.1355,1,13.3,1.0,1,14347.68,0,0.3707
ACC-0348,basic,873.56,1070.61,0.2256,0,17.2,0.884,0,23213.31,1,0.6202
ACC-0349,pro,1123.21,1044.81,-0.0698,0,35.3,0.904,1,29263.69,0,0.593
ACC-0350,basic,653.98,443.03,-0.3226,1,35.0,0.802,0,21686.3,0,0.4973
ACC-0351,pro,1157.61,879.06,-0.2406,3,42.8,1.0,2,39739.03,0,0.5008
ACC-0352,basic,1001.09,1227.25,0.2259,1,97.8,0.854,0,12012.84,0,0.868
ACC-0353,pro,737.57,425.77,-0.4227,0,45.1,0.869,2,25802.41,1,0.552
ACC-0354,pro,917.46,1145.34,0.2484,1,-36.3,0.973,0,30678.19,0,0.361
ACC-0355,pro,935.54,924.2,-0.0121,0,44.8,0.877,0,17996.51,1,0.663
ACC-0356,pro,905.45,667.92,-0.2623,0,36.1,0.872,1,36595.65,1,0.5369
ACC-0357,pro,1619.97,1412.15,-0.1283,0,36.3,0.901,2,26234.38,1,0.5642
ACC-0358,pro,965.54,749.47,-0.2238,0,42.4,0.995,1,35832.69,1,0.5802
ACC-0359,pro,914.64,1088.94,0.1906,0,34.1,1.0,0,26911.56,0,0.6915
ACC-0360,pro,265.89,308.74,0.1611,1,33.4,0.97,1,29646.07,0,0.6556
ACC-0361,enterprise,687.03,427.18,-0.3782,2,53.4,0.996,2,14514.12,0,0.4887
ACC-0362,basic,907.92,827.31,-0.0888,2,18.7,0.876,1,14538.42,1,0.4447
ACC-0363,basic,759.95,615.64,-0.1899,0,6.6,0.815,2,42365.95,1,0.3734
ACC-0364,basic,1483.6,1905.79,0.2846,0,100.0,0.978,1,33532.66,0,0.8833
ACC-0365,pro,942.27,662.4,-0.297,0,13.5,0.921,1,8655.52,0,0.4225
ACC-0366,pro,1450.96,1963.04,0.3529,3,38.0,0.729,0,26712.95,1,0.7006
ACC-0367,pro,1021.6,1014.11,-0.0073,2,-9.9,0.861,0,1500.0,1,0.3576
ACC-0368,pro,1013.03,754.07,-0.2556,1,38.5,0.89,1,15390.9,0,0.528
ACC-0369,basic,968.92,824.55,-0.149,0,7.0,0.839,0,38415.42,0,0.4172
ACC-0370,enterprise,1001.33,824.74,-0.1764,2,21.7,1.0,1,22122.82,0,0.3727
ACC-0371,pro,1601.58,1152.47,-0.2804,1,66.4,0.958,0,25768.69,1,0.6726
ACC-0372,basic,188.14,192.06,0.0209,0,49.2,1.0,2,1500.0,0,0.6769
ACC-0373,basic,299.46,218.56,-0.2701,0,52.1,0.932,1,18116.2,0,0.6089
ACC-0374,basic,809.89,421.4,-0.4797,2,-18.1,0.91,2,29074.08,1,0.2282
ACC-0375,basic,1005.08,921.13,-0.0835,0,90.1,0.788,3,30979.35,0,0.7805
ACC-0376,basic,1241.54,749.11,-0.3966,0,-0.8,0.901,0,38435.34,1,0.3433
ACC-0377,enterprise,1165.58,972.71,-0.1655,0,80.9,0.902,1,20846.13,0,0.6821
ACC-0378,pro,865.51,692.41,-0.2,2,65.6,0.736,2,21515.16,1,0.6221
ACC-0379,basic,1356.67,1096.64,-0.1917,1,52.3,0.835,0,4018.24,1,0.6037
ACC-0380,pro,1360.57,1959.51,0.4402,0,9.4,0.861,1,20932.18,1,0.6596
ACC-0381,pro,1064.42,1077.63,0.0124,0,39.5,0.95,2,5076.37,1,0.6366
ACC-0382,enterprise,1336.93,1409.1,0.054,6,20.9,0.955,2,1500.0,1,0.3616
ACC-0383,pro,1095.43,667.33,-0.3908,0,35.9,0.83,0,7722.31,1,0.5299
ACC-0384,pro,803.48,687.88,-0.1439,0,27.5,0.956,2,46630.27,1,0.5182
ACC-0385,basic,1244.24,1303.17,0.0474,0,-26.2,0.878,2,19941.58,1,0.3165
ACC-0386,enterprise,1038.71,804.59,-0.2254,0,68.7,0.556,3,27298.16,1,0.5815
ACC-0387,pro,1000.47,1200.34,0.1998,1,32.6,0.842,2,16297.56,0,0.6482
ACC-0388,enterprise,1515.53,1114.53,-0.2646,2,20.5,1.0,0,1500.0,1,0.362
ACC-0389,basic,142.19,133.24,-0.063,1,18.2,0.698,0,38041.7,0,0.474
ACC-0390,enterprise,503.81,438.85,-0.1289,0,45.8,0.914,1,1500.0,0,0.5447
ACC-0391,pro,584.53,605.66,0.0362,0,8.2,1.0,0,15678.11,0,0.5203
ACC-0392,basic,872.86,749.87,-0.1409,0,-32.7,0.809,0,23180.78,0,0.2429
ACC-0393,pro,910.89,856.6,-0.0596,0,47.2,0.9,1,27457.34,0,0.6504
ACC-0394,pro,472.44,447.89,-0.0519,3,50.6,0.744,4,13102.96,1,0.5616
ACC-0395,basic,655.19,549.34,-0.1616,2,29.0,1.0,1,1500.0,1,0.4768
ACC-0396,pro,698.71,773.27,0.1067,1,0.6,0.89,1,11983.6,1,0.4681
ACC-0397,enterprise,1860.1,1957.65,0.0524,1,37.7,0.906,2,12768.63,0,0.5477
ACC-0398,basic,1630.61,1598.82,-0.0195,1,-8.9,1.0,1,12403.6,0,0.3689
ACC-0399,pro,855.89,774.83,-0.0947,0,4.2,0.979,1,38550.88,1,0.4343
ACC-0400,pro,872.75,1025.69,0.1752,0,12.5,0.795,1,5795.96,0,0.5714
ACC-0401,basic,597.78,566.76,-0.0519,1,60.3,0.822,1,28514.69,0,0.6808
ACC-0402,enterprise,332.15,309.74,-0.0675,1,24.1,0.959,3,26374.46,0,0.424
ACC-0403,pro,959.09,981.18,0.023,3,21.6,0.825,1,38406.83,0,0.4877
ACC-0404,basic,650.75,893.64,0.3732,0,93.6,0.646,1,22003.02,0,0.8815
ACC-0405,enterprise,970.3,684.18,-0.2949,1,45.6,0.894,1,35866.96,0,0.4855
ACC-0406,enterprise,439.93,514.44,0.1694,3,45.2,0.722,0,21416.7,0,0.597
ACC-0407,basic,733.31,427.89,-0.4165,1,23.9,1.0,1,30515.89,1,0.4339
ACC-0408,enterprise,1052.02,1102.31,0.0478,1,17.1,0.921,1,1500.0,1,0.4561
ACC-0409,basic,1128.17,1519.11,0.3465,1,-30.6,0.791,1,1500.0,1,0.3919
ACC-0410,enterprise,1146.12,1269.33,0.1075,0,64.1,0.816,0,29663.2,0,0.7034
ACC-0411,pro,537.83,558.02,0.0375,1,48.4,0.673,2,30467.75,1,0.6489
ACC-0412,pro,1299.14,1138.96,-0.1233,0,29.6,0.768,0,31132.53,0,0.5455
ACC-0413,basic,719.93,724.84,0.0068,1,30.9,1.0,0,16126.01,0,0.5899
ACC-0414,enterprise,1221.5,1153.76,-0.0555,1,57.1,1.0,1,46345.83,0,0.6124
ACC-0415,basic,996.28,824.01,-0.1729,0,-11.6,0.987,0,17101.83,0,0.3302
ACC-0416,basic,518.26,485.21,-0.0638,0,17.3,0.889,1,30313.19,0,0.4962
ACC-0417,basic,889.33,928.14,0.0436,2,0.9,0.848,0,32919.54,0,0.4191
ACC-0418,pro,1127.88,937.51,-0.1688,3,88.1,0.785,2,49781.1,0,0.7171
ACC-0419,basic,1214.54,999.1,-0.1774,2,61.3,1.0,1,19244.56,0,0.6316
ACC-0420,enterprise,950.65,666.17,-0.2993,1,-31.1,0.877,0,14202.11,0,0.172
ACC-0421,pro,1536.12,1668.17,0.086,0,-10.4,1.0,1,1527.82,1,0.4364
ACC-0422,basic,1352.63,1514.91,0.12,1,31.0,1.0,2,47285.51,1,0.6132
ACC-0423,basic,910.17,956.56,0.051,0,20.8,0.691,2,30321.16,1,0.5336
ACC-0424,basic,1262.54,1530.63,0.2123,0,-4.7,0.82,1,30795.92,0,0.4928
ACC-0425,pro,1676.83,1709.24,0.0193,0,93.3,0.82,2,70750.56,0,0.8225
ACC-0426,enterprise,1686.17,1831.59,0.0862,2,44.4,0.89,1,28875.67,0,0.5826
ACC-0427,basic,570.2,608.31,0.0668,0,49.2,0.893,1,4465.18,0,0.6947
ACC-0428,enterprise,675.71,662.11,-0.0201,1,14.2,1.0,0,21061.45,1,0.4316
ACC-0429,basic,1519.72,1342.25,-0.1168,2,56.7,0.771,1,9378.26,1,0.616
ACC-0430,enterprise,629.6,936.29,0.4871,3,23.6,0.927,0,18061.97,0,0.6305
ACC-0431,enterprise,537.11,483.71,-0.0994,1,26.5,0.974,1,17961.16,0,0.4473
ACC-0432,pro,829.83,708.27,-0.1465,1,53.3,0.9,1,15194.63,1,0.6284
ACC-0433,pro,1147.08,1256.6,0.0955,0,-13.9,0.913,0,3100.76,0,0.428
ACC-0434,enterprise,964.16,1017.58,0.0554,2,82.9,0.775,2,47887.52,0,0.7231
ACC-0435,basic,772.3,533.62,-0.3091,0,40.5,0.913,1,28482.72,0,0.547
ACC-0436,basic,764.03,952.73,0.247,0,73.4,0.961,3,20617.92,0,0.8154
ACC-0437,basic,750.68,735.13,-0.0207,1,2.7,0.939,2,35364.57,1,0.4087
ACC-0438,pro,692.17,523.0,-0.2444,3,7.3,0.968,1,31066.01,0,0.3383
ACC-0439,pro,1798.57,2268.96,0.2615,0,0.1,1.0,4,28135.36,0,0.5263
ACC-0440,pro,1104.13,1256.11,0.1376,0,42.5,1.0,1,34274.97,0,0.7012
ACC-0441,enterprise,1310.37,945.82,-0.2782,1,37.0,0.909,1,26009.02,1,0.4453
ACC-0442,basic,828.82,1152.88,0.391,0,21.1,0.759,0,34053.32,0,0.6878
ACC-0443,pro,934.92,1070.42,0.1449,0,4.6,0.828,3,35296.68,1,0.4988
ACC-0444,basic,750.26,748.57,-0.0022,0,-3.0,0.874,1,26440.78,1,0.4176
ACC-0445,basic,80.0,107.99,0.3498,1,33.5,0.93,2,20694.08,0,0.7027
ACC-0446,pro,517.7,535.84,0.035,3,21.0,0.843,0,46955.97,0,0.5035
ACC-0447,enterprise,366.28,364.02,-0.0062,2,14.4,0.788,0,16831.48,1,0.3996
ACC-0448,pro,212.58,181.7,-0.1453,1,81.4,0.757,0,29869.7,0,0.7443
ACC-0449,basic,581.62,656.08,0.128,0,32.5,0.702,1,30208.63,1,0.6332
ACC-0450,pro,1463.73,1617.21,0.1049,0,73.1,0.872,0,14856.63,0,0.7943
ACC-0451,basic,984.45,987.63,0.0032,1,19.0,0.724,0,11882.66,1,0.5078
ACC-0452,enterprise,1451.7,1199.4,-0.1738,2,42.3,0.78,0,18692.22,1,0.4705
ACC-0453,pro,1143.84,1176.54,0.0286,1,33.3,0.853,1,16616.75,0,0.5979
ACC-0454,basic,1273.9,1254.33,-0.0154,1,-15.9,0.74,1,2128.04,0,0.3205
ACC-0455,basic,684.69,483.82,-0.2934,0,77.9,0.946,0,14227.57,0,0.7246
ACC-0456,basic,1183.38,800.2,-0.3238,2,30.9,0.989,0,27993.34,1,0.4677
ACC-0457,enterprise,1255.05,1411.1,0.1243,2,57.4,0.834,1,42989.15,1,0.6528
ACC-0458,pro,798.17,341.29,-0.5724,0,12.4,0.848,1,32315.87,1,0.3811
ACC-0459,pro,1195.84,1249.88,0.0452,0,30.1,0.964,1,1500.0,0,0.6156
ACC-0460,pro,1198.17,1072.14,-0.1052,0,9.0,0.814,1,33619.56,0,0.441
ACC-0461,pro,807.66,1040.11,0.2878,0,72.1,0.806,0,15627.72,0,0.8287
ACC-0462,basic,607.03,541.13,-0.1086,1,44.3,1.0,0,30796.2,0,0.6093
ACC-0463,enterprise,585.56,670.51,0.1451,1,46.0,1.0,1,23787.97,0,0.6348
ACC-0464,basic,1030.28,940.31,-0.0873,2,75.7,0.972,0,21109.69,1,0.7317
ACC-0465,pro,1114.45,1142.34,0.025,1,69.7,1.0,1,22466.46,0,0.7551
ACC-0466,pro,722.62,839.75,0.1621,1,58.0,0.663,2,23663.64,1,0.7312
ACC-0467,pro,1009.3,906.6,-0.1018,0,-7.7,1.0,0,44166.07,1,0.3865
ACC-0468,enterprise,1199.69,1462.71,0.2192,2,14.1,0.947,2,23705.1,0,0.4789
ACC-0469,basic,1216.37,950.45,-0.2186,2,4.9,1.0,3,40283.04,0,0.3242
ACC-0470,pro,1543.16,1643.17,0.0648,1,56.8,0.946,0,38098.59,0,0.7248
ACC-0471,pro,1446.94,1740.64,0.203,1,40.1,0.906,2,34005.68,0,0.6863
ACC-0472,pro,649.55,743.87,0.1452,0,-6.7,0.867,0,1500.0,0,0.4805
ACC-0473,basic,1589.26,2259.31,0.4216,3,29.3,0.944,1,40749.49,1,0.6834
ACC-0474,basic,814.16,677.41,-0.168,3,-9.8,0.863,0,17131.48,1,0.2782
ACC-0475,basic,1365.71,951.33,-0.3034,3,33.4,1.0,1,34735.91,1,0.4487
ACC-0476,basic,1023.8,799.84,-0.2188,0,-14.7,0.71,0,9412.01,1,0.2868
ACC-0477,pro,855.75,980.09,0.1453,0,50.9,0.835,0,6223.89,0,0.7335
ACC-0478,pro,367.31,407.54,0.1095,2,46.3,1.0,1,53645.83,0,0.6777
ACC-0479,pro,939.95,961.1,0.0225,2,92.2,0.825,3,9645.25,1,0.7977
ACC-0480,pro,454.22,342.0,-0.2471,0,60.4,0.871,1,41191.6,0,0.653
ACC-0481,pro,1338.55,1564.38,0.1687,2,22.3,0.794,3,25776.3,1,0.5486
ACC-0482,basic,1530.88,1118.41,-0.2694,4,59.5,0.94,0,17698.2,1,0.5681
ACC-0483,pro,721.08,904.93,0.255,1,-6.9,0.812,1,23327.57,0,0.485
ACC-0484,basic,1105.69,1800.77,0.6286,1,6.1,0.878,1,4483.58,0,0.6884
ACC-0485,basic,746.11,806.26,0.0806,1,45.0,1.0,2,23793.68,0,0.6627
ACC-0486,pro,780.03,880.1,0.1283,1,-29.7,0.816,0,7758.9,1,0.3347
ACC-0487,pro,1271.07,1133.25,-0.1084,0,33.9,0.995,1,18068.34,1,0.5773
ACC-0488,basic,986.51,593.64,-0.3982,0,4.4,0.999,0,37879.49,1,0.3745
ACC-0489,pro,1608.88,1395.54,-0.1326,2,38.0,1.0,1,27812.86,0,0.5452
ACC-0490,pro,831.22,631.36,-0.2404,2,2.7,0.917,1,1767.44,0,0.3333
ACC-0491,pro,1349.77,920.08,-0.3183,1,47.7,1.0,2,36772.32,1,0.5643
ACC-0492,pro,1034.09,1425.93,0.3789,0,35.6,1.0,1,23893.5,0,0.7463
ACC-0493,pro,1278.52,1355.27,0.06,1,77.0,0.939,3,15867.22,0,0.7752
ACC-0494,basic,843.49,913.95,0.0835,4,35.2,0.795,0,35200.14,1,0.558
ACC-0495,pro,982.65,915.85,-0.068,1,11.9,0.888,3,21491.9,1,0.4293
ACC-0496,pro,959.58,923.08,-0.038,0,27.6,1.0,1,6515.08,0,0.5749
ACC-0497,pro,707.38,857.49,0.2122,1,-5.3,1.0,2,51717.15,0,0.4786
ACC-0498,pro,1231.73,1222.97,-0.0071,0,47.2,1.0,0,23740.69,1,0.68
ACC-0499,basic,1227.59,1370.91,0.1168,0,52.7,0.994,0,22779.22,0,0.733
ACC-0500,pro,1207.74,1155.67,-0.0431,1,100.0,0.749,0,17923.42,0,0.8252
ACC-0501,pro,1537.94,1422.17,-0.0753,0,16.3,0.958,2,41699.49,0,0.4901
ACC-0502,enterprise,1507.27,1040.74,-0.3095,0,27.0,0.751,2,16126.82,1,0.391
ACC-0503,enterprise,868.77,490.76,-0.4351,1,17.7,0.722,1,1500.0,1,0.3218
ACC-0504,pro,1130.57,1065.51,-0.0575,1,41.4,0.929,0,13819.84,0,0.6182
ACC-0505,pro,781.74,791.46,0.0124,1,46.5,0.963,1,43901.62,0,0.6594
ACC-0506,pro,1008.17,722.91,-0.2829,2,33.4,1.0,0,36481.98,1,0.4962
ACC-0507,basic,790.09,784.1,-0.0076,0,67.6,0.96,0,20174.77,0,0.7485
ACC-0508,enterprise,1567.02,1585.56,0.0118,0,16.5,0.964,1,44598.83,0,0.4625
ACC-0509,pro,1127.29,592.59,-0.4743,4,64.6,0.782,2,35219.13,1,0.547
ACC-0510,basic,923.69,737.73,-0.2013,2,51.2,0.887,3,20001.16,0,0.54
ACC-0511,basic,1417.77,1544.8,0.0896,0,34.6,0.719,1,21511.35,0,0.6297
ACC-0512,enterprise,240.28,260.75,0.0852,0,25.6,0.66,1,28939.77,0,0.515
ACC-0513,basic,295.06,220.17,-0.2538,3,100.0,0.989,1,11521.7,0,0.7619
ACC-0514,basic,1278.54,1323.11,0.0349,0,10.5,0.81,0,24067.58,1,0.5079
ACC-0515,basic,1021.16,1250.85,0.2249,2,43.9,1.0,0,28627.7,1,0.708
ACC-0516,basic,1087.66,1273.6,0.171,1,12.5,1.0,2,1500.0,1,0.5422
ACC-0517,basic,535.76,524.53,-0.021,1,88.6,0.826,3,21160.2,0,0.7817
ACC-0518,pro,991.87,889.75,-0.103,4,61.6,0.971,1,19454.16,1,0.6253
ACC-0519,basic,1701.23,1465.68,-0.1385,2,14.6,0.821,2,39421.02,1,0.3899
ACC-0520,enterprise,1288.47,1421.08,0.1029,3,50.4,0.678,1,1500.0,0,0.5815
ACC-0521,enterprise,1059.4,1104.87,0.0429,0,42.7,0.915,0,18277.41,0,0.6015
ACC-0522,basic,846.33,963.52,0.1385,1,19.5,0.843,0,16773.68,1,0.5752
ACC-0523,basic,861.9,886.91,0.029,0,57.7,0.847,0,38401.06,0,0.7202
ACC-0524,pro,254.78,300.67,0.1801,2,46.7,1.0,0,23346.8,1,0.7109
ACC-0525,basic,1090.17,1112.86,0.0208,3,41.5,0.717,1,50941.42,1,0.5689
ACC-0526,basic,1295.92,1519.64,0.1726,2,33.7,0.946,1,33933.2,0,0.6321
ACC-0527,enterprise,448.53,534.46,0.1916,0,47.9,0.781,0,17846.66,0,0.6672
ACC-0528,enterprise,768.5,632.48,-0.177,2,41.9,1.0,0,27594.88,0,0.4838
ACC-0529,pro,594.89,358.25,-0.3978,2,36.8,0.936,2,18688.97,1,0.4707
ACC-0530,basic,662.13,886.96,0.3396,0,15.8,0.946,0,36890.94,0,0.658
ACC-0531,pro,1018.72,1076.24,0.0565,6,85.8,0.787,2,4017.03,1,0.7255
ACC-0532,pro,270.46,168.45,-0.3772,0,3.5,0.808,0,11644.56,1,0.3675
ACC-0533,basic,1214.99,1024.19,-0.157,2,47.8,1.0,0,30835.35,0,0.5861
ACC-0534,pro,1263.85,1478.47,0.1698,1,25.4,1.0,2,42386.35,0,0.6145
ACC-0535,basic,912.11,855.99,-0.0615,1,87.8,0.958,0,1500.0,0,0.7897
ACC-0536,basic,131.75,116.91,-0.1127,1,7.9,0.792,2,44617.07,0,0.3864
ACC-0537,pro,651.25,851.97,0.3082,0,12.9,0.941,1,21897.97,0,0.6331
ACC-0538,basic,1431.52,1101.69,-0.2304,2,5.9,1.0,0,1500.0,1,0.3561
ACC-0539,basic,80.0,65.95,-0.1756,0,44.7,0.912,1,1500.0,0,0.5889
ACC-0540,enterprise,878.37,919.22,0.0465,1,-6.2,1.0,2,1500.0,0,0.3375
ACC-0541,enterprise,587.0,637.42,0.0859,2,20.6,0.811,1,23704.43,1,0.458
ACC-0542,pro,1281.6,1421.54,0.1092,1,-29.6,0.895,0,23011.53,1,0.3341
ACC-0543,enterprise,763.71,916.81,0.2005,0,42.2,0.974,1,33498.01,0,0.6489
ACC-0544,enterprise,1141.38,1191.25,0.0437,3,20.0,0.948,1,15757.69,0,0.4249
ACC-0545,basic,1197.91,1326.88,0.1077,0,-9.6,0.808,0,7379.39,0,0.4359
ACC-0546,pro,1642.68,1549.0,-0.057,1,67.6,0.803,1,17803.7,1,0.7146
ACC-0547,basic,928.97,941.78,0.0138,1,-4.2,1.0,1,24504.15,0,0.4048
ACC-0548,basic,1131.62,1158.39,0.0237,3,58.9,1.0,2,27461.59,0,0.6643
ACC-0549,pro,480.23,502.96,0.0473,1,14.0,1.0,0,12162.53,0,0.5322
ACC-0550,pro,1416.64,1657.42,0.17,3,83.0,1.0,2,37521.7,0,0.8074
ACC-0551,pro,733.82,823.45,0.1221,2,57.5,0.916,2,14679.05,0,0.7144
ACC-0552,basic,803.74,811.55,0.0097,1,4.8,0.863,1,10954.24,1,0.437
ACC-0553,basic,992.21,815.59,-0.178,3,7.5,1.0,1,15864.13,1,0.3451
ACC-0554,enterprise,452.99,459.73,0.0149,1,53.2,0.986,1,40122.6,0,0.6195
ACC-0555,basic,1080.07,1073.41,-0.0062,1,27.1,0.782,2,22008.05,0,0.5256
ACC-0556,basic,1338.61,1395.5,0.0425,0,29.9,0.776,2,13582.3,0,0.5823
ACC-0557,basic,1102.53,1637.73,0.4854,1,73.2,0.959,0,37891.62,1,0.8622
ACC-0558,pro,443.89,392.74,-0.1152,1,12.5,0.879,0,56141.23,1,0.4486
ACC-0559,pro,956.67,1045.54,0.0929,0,37.7,0.897,0,27145.24,0,0.67
ACC-0560,pro,1259.71,1555.82,0.2351,1,63.6,1.0,0,42507.64,0,0.7935
ACC-0561,basic,342.7,350.09,0.0216,2,59.3,0.991,1,39541.17,0,0.6941
ACC-0562,basic,623.83,944.68,0.5143,3,30.2,1.0,1,14915.4,1,0.7221
ACC-0563,enterprise,1306.79,1198.11,-0.0832,2,26.3,0.668,0,24399.51,1,0.418
ACC-0564,pro,1094.53,1172.57,0.0713,1,-17.2,0.93,3,4761.83,0,0.3473
ACC-0565,pro,1144.19,943.11,-0.1757,1,3.3,0.983,0,20925.87,1,0.3865
ACC-0566,pro,1650.82,1523.16,-0.0773,0,44.6,0.717,1,14607.14,0,0.621
ACC-0567,pro,1163.99,1227.74,0.0548,4,30.9,0.821,0,17956.71,0,0.5364
ACC-0568,basic,1230.26,1459.32,0.1862,0,37.2,0.799,3,12751.57,0,0.6625
ACC-0569,basic,1948.76,2085.57,0.0702,0,66.2,0.903,1,19693.55,0,0.758
ACC-0570,pro,925.17,1181.44,0.277,1,-0.6,1.0,2,31983.49,1,0.5295
ACC-0571,basic,720.74,705.68,-0.0209,1,27.9,1.0,0,22207.62,1,0.5645
ACC-0572,enterprise,1149.73,1065.71,-0.0731,0,40.7,0.802,5,1500.0,1,0.492
ACC-0573,pro,1153.65,1839.92,0.5949,0,13.9,0.963,0,12808.19,0,0.7353
ACC-0574,pro,815.65,886.39,0.0867,0,77.9,0.967,1,1500.0,0,0.8025
ACC-0575,enterprise,638.66,537.57,-0.1583,0,62.3,0.947,0,27660.9,0,0.6167
ACC-0576,pro,1808.45,1532.23,-0.1527,1,43.7,0.948,1,31549.76,0,0.5837
ACC-0577,enterprise,1114.4,883.28,-0.2074,2,88.8,0.936,2,27848.22,1,0.6715
ACC-0578,pro,743.7,896.94,0.206,1,-10.0,1.0,1,12188.93,1,0.4646
ACC-0579,enterprise,1320.58,1214.71,-0.0802,0,34.8,1.0,0,27702.81,0,0.5251
ACC-0580,basic,961.8,988.75,0.028,0,46.0,0.773,0,16948.29,0,0.6699
ACC-0581,pro,911.49,898.76,-0.014,2,7.6,0.995,0,6926.62,1,0.4508
ACC-0582,pro,1196.8,1389.39,0.1609,2,44.0,1.0,0,35128.95,0,0.6941
ACC-0583,basic,547.84,445.79,-0.1863,3,1.8,0.938,0,36270.42,1,0.3228
ACC-0584,basic,1123.42,857.59,-0.2366,0,55.7,1.0,0,38233.43,1,0.6419
ACC-0585,enterprise,1669.53,1751.92,0.0493,0,66.7,0.923,0,14874.77,0,0.6991
ACC-0586,pro,1163.16,1316.95,0.1322,2,43.2,0.924,1,41690.43,0,0.6672
ACC-0587,basic,868.33,931.85,0.0732,1,-20.6,0.915,0,16596.27,1,0.3543
ACC-0588,basic,822.51,676.04,-0.1781,1,6.0,0.658,1,33802.52,1,0.3538
ACC-0589,basic,856.38,984.02,0.149,2,51.9,0.89,1,16336.31,1,0.7007
ACC-0590,basic,911.11,762.01,-0.1636,0,35.6,0.82,1,20640.27,0,0.5424
ACC-0591,enterprise,867.77,768.2,-0.1147,1,-45.8,0.758,2,1500.0,1,0.1429
ACC-0592,pro,1320.71,1046.44,-0.2077,0,72.3,1.0,0,19471.3,0,0.7157
ACC-0593,basic,393.38,505.98,0.2863,1,39.1,0.961,0,25366.35,0,0.7208
ACC-0594,pro,1301.7,1483.1,0.1394,1,10.4,0.896,1,17849.26,0,0.5324
ACC-0595,basic,867.11,982.52,0.1331,1,64.8,0.832,0,50342.82,0,0.7629
ACC-0596,basic,1131.93,1442.52,0.2744,0,14.7,0.936,1,6563.01,0,0.6209
ACC-0597,pro,605.55,980.26,0.6188,0,14.3,1.0,0,15546.28,0,0.7445
ACC-0598,pro,1465.02,914.13,-0.376,0,45.8,0.801,1,10426.91,0,0.567
ACC-0599,enterprise,1435.97,1202.71,-0.1624,0,88.4,0.899,3,15543.35,0,0.7009
ACC-0600,pro,1335.86,1154.77,-0.1356,0,83.7,1.0,0,39471.2,0,0.7715
ACC-0601,pro,469.84,381.89,-0.1872,0,45.8,0.668,2,46170.48,0,0.5698
ACC-0602,pro,1290.19,984.33,-0.2371,2,48.9,0.893,0,13488.11,0,0.5713
ACC-0603,enterprise,1141.7,1066.43,-0.0659,0,58.7,0.848,0,13154.89,0,0.6293
ACC-0604,pro,438.16,320.88,-0.2677,3,-2.7,0.884,0,6643.07,1,0.2983
ACC-0605,enterprise,991.5,1064.58,0.0737,1,54.3,0.84,0,43594.28,0,0.6451
ACC-0606,pro,1127.59,1140.41,0.0114,0,13.0,0.917,0,40815.07,0,0.528
ACC-0607,enterprise,1194.63,1321.05,0.1058,1,44.6,1.0,1,22410.27,0,0.6147
ACC-0608,basic,1062.04,1180.67,0.1117,1,28.2,0.861,2,3058.51,1,0.5856
ACC-0609,pro,1101.93,1248.11,0.1327,0,50.0,0.935,1,4400.06,0,0.7251
ACC-0610,pro,1515.76,1391.24,-0.0821,1,38.5,1.0,0,26559.44,0,0.6005
ACC-0611,pro,1429.11,2096.01,0.4667,1,-57.2,0.834,2,32240.07,1,0.3158
ACC-0612,pro,80.0,84.13,0.0516,1,40.4,1.0,2,1500.0,0,0.6394
ACC-0613,enterprise,888.9,524.67,-0.4097,0,54.3,0.901,2,19180.35,0,0.5278
ACC-0614,enterprise,942.37,734.56,-0.2205,1,48.4,1.0,3,48274.44,0,0.4928
ACC-0615,basic,386.77,238.67,-0.3829,1,31.9,0.99,1,20737.36,0,0.4775
ACC-0616,pro,1032.96,1036.9,0.0038,0,84.3,0.937,2,46344.57,0,0.7974
ACC-0617,pro,1437.07,1398.56,-0.0268,0,44.3,0.892,1,33735.69,0,0.649
ACC-0618,basic,619.7,555.84,-0.1031,1,48.1,0.825,0,7735.81,1,0.6172
ACC-0619,basic,1117.74,1612.23,0.4424,1,66.3,0.909,0,19609.93,0,0.8392
ACC-0620,basic,679.46,761.52,0.1208,0,45.9,1.0,0,22069.59,1,0.7097
ACC-0621,pro,764.83,887.01,0.1597,1,8.1,0.898,1,9712.33,1,0.529
ACC-0622,pro,1517.09,1206.33,-0.2048,2,-38.2,0.862,1,9451.98,1,0.1868
ACC-0623,enterprise,810.1,632.03,-0.2198,0,20.7,0.87,2,46601.53,0,0.3796
ACC-0624,pro,1161.77,1171.18,0.0081,0,57.8,1.0,3,9339.59,0,0.7065
ACC-0625,enterprise,345.07,358.21,0.0381,0,24.4,1.0,0,40176.54,0,0.5214
ACC-0626,pro,1651.81,977.23,-0.4084,2,59.0,0.82,0,17452.73,0,0.5968
ACC-0627,pro,1210.93,1162.89,-0.0397,2,39.5,0.82,1,23615.41,0,0.5759
ACC-0628,basic,936.13,939.02,0.0031,0,73.6,0.946,1,32427.67,0,0.766
ACC-0629,pro,1201.44,1144.57,-0.0473,0,26.1,1.0,1,15021.62,1,0.5643
ACC-0630,enterprise,506.56,415.92,-0.1789,1,49.0,1.0,3,32518.56,0,0.5069
ACC-0631,enterprise,1413.89,1246.06,-0.1187,5,50.2,0.75,2,1500.0,1,0.4376
ACC-0632,enterprise,886.61,852.11,-0.0389,4,80.0,0.868,2,30595.61,0,0.6495
ACC-0633,basic,928.58,947.12,0.02,1,-16.2,0.788,0,1500.0,0,0.3454
ACC-0634,basic,827.92,938.08,0.1331,2,21.2,0.868,1,20597.3,1,0.5487
ACC-0635,basic,796.77,986.24,0.2378,2,60.5,1.0,1,36813.64,0,0.7657
ACC-0636,basic,1243.13,1162.63,-0.0648,4,81.4,0.729,0,33334.43,1,0.7129
ACC-0637,pro,1089.57,980.22,-0.1004,1,42.2,0.706,1,4523.84,0,0.579
ACC-0638,pro,1228.11,1346.36,0.0963,1,26.2,0.801,0,6455.03,1,0.5971
ACC-0639,pro,996.92,1130.89,0.1344,2,57.7,0.934,1,13669.92,0,0.7284
ACC-0640,enterprise,1179.62,1066.94,-0.0955,0,61.1,0.974,0,26793.24,0,0.6339
ACC-0641,pro,853.4,1001.8,0.1739,0,24.2,0.952,1,1500.0,0,0.6355
ACC-0642,enterprise,1780.41,2164.1,0.2155,2,44.9,1.0,1,23801.65,1,0.6398
ACC-0643,basic,451.22,579.45,0.2842,1,70.4,0.688,0,28671.44,0,0.8123
ACC-0644,basic,1441.33,2005.22,0.3912,1,91.7,1.0,2,19754.44,0,0.8797
ACC-0645,pro,1478.77,1196.9,-0.1906,0,57.3,0.863,1,31879.81,0,0.6459
ACC-0646,enterprise,701.74,703.89,0.0031,0,36.3,0.988,4,27355.86,0,0.5267
ACC-0647,basic,1780.25,1784.66,0.0025,1,33.4,0.741,1,15875.19,1,0.5697
ACC-0648,pro,1348.42,1319.33,-0.0216,2,51.7,0.901,2,1500.0,1,0.6372
ACC-0649,pro,1339.9,1148.51,-0.1428,0,31.5,0.928,0,26001.2,0,0.5582
ACC-0650,basic,1009.81,679.78,-0.3268,0,40.7,1.0,0,9703.87,0,0.564
ACC-0651,pro,923.97,942.81,0.0204,1,3.3,0.71,0,15324.86,0,0.4437
ACC-0652,enterprise,926.71,770.06,-0.169,1,73.9,0.904,0,31186.86,0,0.6478
ACC-0653,pro,1136.69,1158.19,0.0189,0,0.8,0.77,3,45260.0,1,0.4227
ACC-0654,basic,1490.42,1230.06,-0.1747,0,22.0,0.961,1,23429.1,0,0.4802
ACC-0655,enterprise,1063.46,806.18,-0.2419,0,37.9,0.993,4,32310.97,0,0.4483
ACC-0656,basic,680.99,716.1,0.0515,2,94.7,1.0,2,2332.81,0,0.8191
ACC-0657,enterprise,1288.55,1331.33,0.0332,4,22.3,0.836,1,27682.85,1,0.4005
ACC-0658,basic,1322.4,1490.93,0.1274,2,15.0,1.0,0,23101.41,1,0.5377
ACC-0659,pro,1229.13,1820.21,0.4809,1,18.5,1.0,1,42438.41,0,0.7028
ACC-0660,basic,1260.92,1337.85,0.061,2,84.8,0.703,1,15893.12,0,0.7861
ACC-0661,basic,905.18,1001.77,0.1067,2,-49.4,0.973,1,20375.44,0,0.2278
ACC-0662,enterprise,674.85,514.87,-0.2371,3,4.9,1.0,2,39882.22,0,0.2589
ACC-0663,basic,696.13,499.04,-0.2831,1,100.0,0.869,0,22619.49,0,0.7863
ACC-0664,basic,427.59,576.48,0.3482,0,52.7,0.755,3,7367.38,0,0.7714
ACC-0665,basic,1082.93,862.92,-0.2032,0,1.8,1.0,1,62274.5,1,0.3721
ACC-0666,pro,970.79,747.83,-0.2297,0,33.7,0.756,1,7821.11,1,0.5194
ACC-0667,enterprise,846.0,838.73,-0.0086,0,37.0,0.879,0,23029.5,0,0.5558
ACC-0668,enterprise,80.0,78.41,-0.0198,2,60.4,0.895,2,29200.32,1,0.6078
ACC-0669,basic,563.44,451.57,-0.1986,1,90.2,0.986,0,28014.26,0,0.7635
ACC-0670,pro,1392.29,1298.88,-0.0671,0,46.7,0.825,0,21153.84,0,0.6494
ACC-0671,basic,767.38,974.93,0.2705,0,18.8,0.818,0,21228.59,0,0.64
ACC-0672,pro,1126.21,926.51,-0.1773,0,58.6,0.912,0,20476.02,1,0.6666
ACC-0673,enterprise,513.26,355.89,-0.3066,0,14.1,1.0,1,7260.99,1,0.3599
ACC-0674,pro,1503.55,1815.34,0.2074,0,4.0,1.0,4,56253.29,0,0.5235
ACC-0675,pro,949.59,1052.44,0.1083,0,-17.8,0.719,0,20700.14,1,0.3984
ACC-0676,basic,1101.51,951.14,-0.1365,0,-12.0,0.938,0,32953.96,1,0.3386
ACC-0677,enterprise,1814.02,1182.6,-0.3481,3,8.1,0.77,2,18980.21,0,0.2524
ACC-0678,pro,1530.75,1279.99,-0.1638,1,-0.3,1.0,0,18678.54,1,0.3749
ACC-0679,basic,892.7,881.96,-0.012,1,44.4,0.787,1,17168.35,1,0.6212
ACC-0680,basic,792.37,995.58,0.2564,1,-1.0,0.819,1,1500.0,0,0.5064
ACC-0681,basic,886.06,684.0,-0.228,1,-59.3,0.829,1,21590.68,1,0.1381
ACC-0682,basic,1178.46,1156.55,-0.0186,3,3.7,0.891,0,17894.89,1,0.3895
ACC-0683,basic,963.17,1106.23,0.1485,1,20.8,0.939,1,41572.87,0,0.5817
ACC-0684,pro,861.66,410.26,-0.5239,2,16.8,0.958,0,6049.5,0,0.3838
ACC-0685,pro,1513.51,1857.74,0.2274,0,80.6,0.899,1,15342.79,0,0.8363
ACC-0686,basic,960.03,710.29,-0.2601,2,16.6,0.74,0,10523.39,0,0.3848
ACC-0687,pro,1804.86,1936.68,0.073,1,61.4,0.987,0,45637.96,0,0.745
ACC-0688,enterprise,1031.76,1087.75,0.0543,1,34.4,0.894,0,10958.87,0,0.5517
ACC-0689,pro,1624.86,2012.57,0.2386,1,33.7,1.0,0,32434.5,0,0.6926
ACC-0690,pro,1125.06,1261.42,0.1212,0,9.9,0.815,1,38552.42,0,0.5388
ACC-0691,basic,1337.04,637.76,-0.523,1,33.2,0.708,2,21808.16,1,0.4357
ACC-0692,enterprise,746.39,617.52,-0.1727,2,12.0,0.896,2,3347.83,1,0.3111
ACC-0693,basic,701.18,722.5,0.0304,2,40.1,1.0,0,3537.69,0,0.6223
ACC-0694,basic,1160.9,1111.1,-0.0429,2,27.9,0.919,2,36896.46,1,0.5016
ACC-0695,enterprise,1345.99,1487.42,0.1051,0,6.7,0.876,0,5091.09,0,0.4556
ACC-0696,pro,1014.09,1190.2,0.1737,1,64.8,0.796,1,29880.4,0,0.7711
ACC-0697,pro,549.76,623.35,0.1339,1,47.8,1.0,4,25715.24,0,0.6827
ACC-0698,pro,523.91,499.21,-0.0471,1,21.6,0.776,2,29656.99,1,0.4898
ACC-0699,pro,500.5,297.2,-0.4062,2,39.4,0.813,0,31073.77,0,0.497
ACC-0700,basic,381.33,343.12,-0.1002,0,32.5,0.968,0,9994.94,0,0.5737
ACC-0701,basic,1038.32,1133.43,0.0916,1,9.0,0.677,0,9367.08,0,0.4894
ACC-0702,basic,1393.77,1059.4,-0.2399,1,37.1,1.0,1,34723.91,1,0.5216
ACC-0703,basic,995.3,1133.53,0.1389,1,16.4,0.975,3,14559.83,1,0.5344
ACC-0704,enterprise,208.85,250.59,0.1998,1,6.7,1.0,1,1500.0,1,0.4713
ACC-0705,basic,933.23,959.28,0.0279,1,-13.7,0.967,0,33731.33,0,0.3735
ACC-0706,pro,943.02,307.39,-0.674,1,24.2,0.881,0,8456.08,0,0.4195
ACC-0707,pro,1733.6,1246.15,-0.2812,0,52.0,0.772,0,31007.04,0,0.6153
ACC-0708,pro,490.0,693.33,0.415,0,14.2,0.883,0,44892.33,1,0.6794
ACC-0709,pro,863.26,759.47,-0.1202,2,100.0,0.783,1,24251.44,1,0.796
ACC-0710,pro,1597.05,899.92,-0.4365,1,61.6,0.958,0,38936.49,0,0.6378
ACC-0711,enterprise,1157.49,1472.05,0.2718,1,74.1,0.997,0,26306.97,0,0.7766
ACC-0712,pro,1197.16,1200.68,0.0029,2,58.9,1.0,1,47811.44,1,0.694
ACC-0713,enterprise,1040.1,1292.94,0.2431,1,90.6,0.945,0,8068.39,0,0.8138
ACC-0714,enterprise,1115.48,1183.45,0.0609,3,11.4,1.0,0,23876.78,1,0.4052
ACC-0715,pro,1272.16,1400.5,0.1009,0,-41.8,0.864,3,34097.42,1,0.2674
ACC-0716,basic,716.68,773.92,0.0799,2,21.6,0.843,2,21143.82,1,0.5142
ACC-0717,pro,1307.32,1507.93,0.1534,2,51.7,0.957,1,41283.28,0,0.7123
ACC-0718,basic,519.45,779.71,0.501,1,39.5,0.854,1,17519.41,0,0.7729
ACC-0719,pro,1114.93,1353.1,0.2136,0,43.3,0.932,0,55040.57,1,0.7295
ACC-0720,enterprise,1062.56,693.13,-0.3477,0,74.6,0.773,2,55832.96,1,0.622
ACC-0721,pro,784.3,861.37,0.0983,2,46.5,0.794,1,28231.08,1,0.6609
ACC-0722,pro,992.06,1241.19,0.2511,1,59.0,0.976,2,32289.02,1,0.7738
ACC-0723,basic,782.11,989.05,0.2646,3,6.8,1.0,1,41875.07,1,0.5166
ACC-0724,enterprise,624.9,566.26,-0.0939,1,2.1,0.782,0,6192.04,1,0.3294
ACC-0725,basic,876.23,1100.8,0.2563,2,83.4,0.98,1,4320.0,0,0.8364
ACC-0726,basic,613.6,738.84,0.2041,0,38.0,0.836,1,42846.28,0,0.6915
ACC-0727,basic,1112.98,1742.87,0.566,1,16.3,0.902,0,28109.83,0,0.7176
ACC-0728,basic,597.47,498.89,-0.165,1,16.4,1.0,1,20602.42,0,0.4349
ACC-0729,pro,1249.19,1109.75,-0.1116,0,15.5,0.997,1,24166.85,0,0.4858
ACC-0730,pro,586.48,546.98,-0.0673,1,13.7,0.996,1,1500.0,0,0.4717
ACC-0731,basic,801.8,715.32,-0.1078,1,-3.5,1.0,2,21141.57,0,0.3498
ACC-0732,basic,781.39,628.39,-0.1958,1,-10.0,0.816,2,12704.3,1,0.2804
ACC-0733,basic,1463.8,574.12,-0.6078,1,29.1,0.782,3,37771.07,1,0.404
ACC-0734,basic,1115.6,1008.91,-0.0956,2,17.2,0.813,4,38925.46,1,0.3981
ACC-0735,basic,925.89,1001.13,0.0813,1,68.2,0.869,0,32650.2,0,0.7615
ACC-0736,pro,1174.55,1047.1,-0.1085,1,43.8,0.617,1,29931.88,0,0.5767
ACC-0737,basic,262.48,374.24,0.4258,1,43.0,0.875,3,1539.8,0,0.7518
ACC-0738,basic,984.9,987.8,0.0029,1,12.7,0.835,1,32859.65,0,0.4722
ACC-0739,basic,1699.13,2181.73,0.284,0,31.4,0.994,1,33440.97,0,0.6983
ACC-0740,pro,1046.32,1106.5,0.0575,0,45.8,0.942,1,42677.89,0,0.6863
ACC-0741,basic,1023.77,1209.9,0.1818,0,56.5,0.828,2,55773.15,1,0.7472
ACC-0742,basic,1191.84,1265.06,0.0614,1,32.2,0.971,0,1500.0,0,0.615
ACC-0743,enterprise,1313.46,1708.99,0.3011,1,67.4,0.987,0,18172.85,0,0.7634
ACC-0744,basic,300.89,304.59,0.0123,0,35.2,0.808,2,12866.0,1,0.5986
ACC-0745,pro,411.19,456.07,0.1091,1,58.8,0.841,0,26587.61,0,0.7405
ACC-0746,pro,1073.6,1160.13,0.0806,3,20.3,0.633,1,24201.03,1,0.4899
ACC-0747,basic,749.79,702.24,-0.0634,0,-19.4,0.769,0,20488.77,1,0.3198
ACC-0748,pro,1459.21,1589.22,0.0891,3,43.1,0.811,0,39414.07,1,0.6328
ACC-0749,pro,889.69,1327.03,0.4916,1,56.8,0.909,1,7478.79,0,0.8252
ACC-0750,enterprise,322.91,303.7,-0.0595,0,52.3,0.787,0,8383.18,0,0.6011
ACC-0751,basic,556.2,607.52,0.0923,1,47.7,0.838,0,8636.62,1,0.6864
ACC-0752,basic,80.0,102.14,0.2767,1,24.5,0.753,1,18595.09,1,0.6357
ACC-0753,basic,918.06,1148.36,0.2509,1,10.8,0.921,0,5571.15,0,0.583
ACC-0754,pro,934.07,936.47,0.0026,1,51.6,0.951,1,23271.43,0,0.6771
ACC-0755,pro,851.44,404.99,-0.5243,1,47.8,0.948,2,21517.65,1,0.5368
ACC-0756,basic,1377.61,1534.21,0.1137,1,18.2,0.901,3,12202.27,1,0.5271
ACC-0757,basic,1419.48,726.37,-0.4883,0,68.3,0.715,0,37106.49,1,0.6582
ACC-0758,enterprise,940.36,1244.46,0.3234,0,8.5,0.826,0,23107.49,0,0.5454
ACC-0759,basic,252.86,262.28,0.0373,0,17.5,0.851,2,39939.71,0,0.5239
ACC-0760,pro,1216.05,1483.49,0.2199,0,84.1,0.852,1,21074.25,0,0.8422
ACC-0761,pro,1194.38,957.33,-0.1985,1,61.1,0.909,0,23637.08,0,0.6541
ACC-0762,basic,1108.29,729.75,-0.3416,0,24.3,1.0,1,15558.26,0,0.468
ACC-0763,basic,1343.52,1420.59,0.0574,1,43.6,0.997,2,23894.3,0,0.6479
ACC-0764,basic,592.31,587.93,-0.0074,0,39.6,0.781,1,34683.47,0,0.6206
ACC-0765,enterprise,1703.06,1518.9,-0.1081,1,-47.4,0.981,2,17829.99,1,0.147
ACC-0766,basic,664.2,676.57,0.0186,0,7.8,0.977,0,31776.18,1,0.5005
ACC-0767,basic,1262.23,2030.72,0.6088,4,33.5,0.803,0,11808.8,0,0.745
ACC-0768,basic,409.43,484.6,0.1836,0,24.3,1.0,0,35385.76,0,0.6433
ACC-0769,basic,674.41,830.12,0.2309,0,42.4,0.881,1,15301.41,0,0.7191
ACC-0770,pro,1530.73,1814.93,0.1857,0,68.9,0.731,1,36775.2,0,0.7939
ACC-0771,basic,908.69,1204.45,0.3255,0,25.4,0.955,0,24914.65,1,0.6927
ACC-0772,pro,1293.97,1239.86,-0.0418,0,3.3,0.926,0,46814.31,1,0.4588
ACC-0773,pro,1082.93,593.4,-0.452,1,44.7,0.873,0,6688.98,0,0.548
ACC-0774,enterprise,963.26,923.3,-0.0415,0,25.2,0.896,1,1857.35,0,0.4792
ACC-0775,basic,1477.35,1741.18,0.1786,1,30.3,0.814,0,14756.74,1,0.6399
ACC-0776,enterprise,917.17,721.49,-0.2134,1,26.2,0.973,0,3230.84,1,0.4155
ACC-0777,pro,376.74,362.12,-0.0388,1,100.0,0.895,1,3258.98,0,0.826
ACC-0778,basic,718.87,609.46,-0.1522,1,-32.2,0.92,1,33323.26,1,0.225
ACC-0779,pro,1192.92,1587.11,0.3304,0,23.3,0.943,1,23937.32,0,0.6848
ACC-0780,enterprise,1138.43,1326.13,0.1649,1,34.9,0.761,2,16804.79,0,0.5685
ACC-0781,basic,451.53,516.25,0.1433,0,11.6,0.793,2,18195.56,0,0.5329
ACC-0782,enterprise,746.48,848.56,0.1368,1,62.0,0.635,2,15041.44,0,0.6735
ACC-0783,pro,796.4,789.87,-0.0082,1,59.4,0.968,2,48755.54,1,0.6986
ACC-0784,pro,872.09,909.99,0.0435,0,33.6,0.755,2,12967.41,0,0.6079
ACC-0785,enterprise,518.43,383.25,-0.2607,1,26.9,0.916,1,4167.99,1,0.3978
ACC-0786,basic,780.07,404.84,-0.481,1,31.6,0.945,2,35940.76,0,0.4494
ACC-0787,enterprise,744.99,769.58,0.033,0,31.9,0.972,0,20763.67,0,0.5523
ACC-0788,basic,1270.04,1360.56,0.0713,0,32.6,0.756,3,54581.61,0,0.5942
ACC-0789,pro,1283.19,1624.57,0.266,4,29.4,0.892,1,16106.92,1,0.6084
ACC-0790,pro,948.97,1277.02,0.3457,2,42.6,1.0,0,36689.76,0,0.7456
ACC-0791,basic,862.79,1160.79,0.3454,1,57.6,1.0,2,40232.96,0,0.7899
ACC-0792,pro,1048.97,818.66,-0.2196,1,-1.9,1.0,2,16179.96,1,0.3299
ACC-0793,basic,714.2,658.85,-0.0775,1,3.5,0.94,0,12856.19,1,0.4134
ACC-0794,basic,598.61,661.87,0.1057,1,-17.5,0.779,2,35120.5,1,0.3501
ACC-0795,basic,670.92,1044.64,0.557,2,61.0,0.986,2,32623.38,0,0.8374
ACC-0796,basic,777.82,1031.09,0.3256,0,42.5,0.881,1,2840.85,1,0.747
ACC-0797,basic,592.78,738.77,0.2463,2,50.2,0.967,0,7073.47,1,0.7369
ACC-0798,basic,1056.72,966.57,-0.0853,0,-7.9,0.824,0,1500.0,1,0.3686
ACC-0799,pro,1255.4,1011.47,-0.1943,0,88.5,0.879,3,32930.8,1,0.7539
ACC-0800,pro,444.52,521.67,0.1736,1,16.7,0.92,1,20072.59,0,0.5794
